id	name	name_si	name_ta	area_sqkm	center_lat	center_lon
LK-1103	Colombo	කොළඹ	கொழும்பு	24.53715118	6.94698684	79.86526281
LK-1106	Kolonnawa	කොලොන්නාව	கொலன்னாவை	25.92803747	6.93494348	79.91470903
LK-1109	Kaduwela	කඩුවෙල	கடுவெலை	86.737826	6.90198465	79.9727727
LK-1112	Homagama	හෝමාගම	கோமகமை	120.31622721	6.83635331	80.02444245
LK-1115	Seethawaka	සීතාවක	சீதவாக்கை	145.97697848	6.91990235	80.15270291
LK-1118	Padukka	පාදුක්ක	பாதுக்கை	106.194605	6.8292022	80.12284523
LK-1121	Maharagama	මහරගම	மகரகமை	37.79675644	6.85580883	79.9438281
LK-1124	Sri Jayawardanapura Kotte	ශ්‍රී ජයවර්ධනපුර ක	ஸ்ரீ ஜயவர்தனபுர	16.31575721	6.89050026	79.90084226
LK-1127	Thimbirigasyaya	තිඹිරිගස්යාය	திம்பிரிகஸ்யாய	22.32937601	6.90296741	79.86747982
LK-1130	Dehiwala	දෙහිවල	தெகிவளை	8.45870632	6.85685593	79.87159505
LK-1131	Ratmalana	රත්මලාන	இரத்மலானை	12.86251454	6.82758732	79.87912896
LK-1133	Moratuwa	මොරටුව	மொரட்டுவை	19.303715	6.767099	79.88656852
LK-1136	Kesbewa	කැස්බෑව	கெஸ்பவை	61.4082642	6.80477172	79.92743562
LK-1203	Negombo	මීගමුව	நீர்கொழும்பு	29.18933647	7.19451909	79.82744174
LK-1206	Katana	කටාන	கந்தானை	107.79935867	7.19299994	79.89699215
LK-1209	Divulapitiya	දිවුලපිටිය	திவுலபிட்டிய	203.16028691	7.25545412	80.01449119
LK-1212	Mirigama	මීරිගම	மீரிகமை	188.81128866	7.23290678	80.14283036
LK-1215	Minuwangoda	මිනුවන්ගොඩ	மினுவாங்கொடை	132.12099111	7.15513946	79.98032886
LK-1218	Wattala	වත්තල	வத்தளை	57.17071281	7.04125982	79.87153302
LK-1221	Ja Ela	ජා-ඇල	யா-எலை	62.45012053	7.07295747	79.90202907
LK-1224	Gampaha	ගම්පහ	கம்பகா	91.81955769	7.06555414	79.9764263
LK-1227	Attanagalla	අත්තනගල්ල	அத்தனகல்லை	154.83136158	7.11334303	80.12858661
LK-1230	Dompe	දොම්පෙ	தொம்பே	179.18492339	6.98858949	80.10968946
LK-1233	Mahara	මහර	மகரை	95.74847792	7.03681664	80.06132357
LK-1236	Kelaniya	කැළණිය	களனி	21.93918663	6.97166208	79.91013378
LK-1239	Biyagama	බියගම	பியகமை	61.0059859	6.97135782	79.9753433
LK-1303	Panadura	පානදුර	பாணந்துறை	45.39972546	6.71288456	79.90931557
LK-1306	Bandaragama	බණ්ඩාරගම	பண்டாரகமை	57.07587907	6.72288127	79.98546516
LK-1309	Horana	හොරණ	கொரணை	111.35966988	6.75445999	80.04186692
LK-1310	Ingiriya	ඉංගිරිය	இங்கிரிய	94.69471381	6.76278276	80.15247905
LK-1312	Bulathsinhala	බුලත්සිංහල	புலத்சிங்கள	211.03353416	6.64571783	80.18287737
LK-1315	Madurawala	මදුරාවෙල	மதுராவெலை	62.19296604	6.65310321	80.07513375
LK-1318	Millaniya	මිල්ලනිය	மில்லனிய	79.41736835	6.65521467	80.02284361
LK-1321	Kalutara	කඵතර	களுத்துறை	75.56544445	6.62104427	79.96277848
LK-1324	Beruwala	බේරුවල	பேருவளை	73.51655711	6.49113954	80.00790772
LK-1327	Dodangoda	දොඩංගොඩ	தொடாங்கொடை	109.85061138	6.5586683	80.04665231
LK-1330	Matugama	මතුගම	மதுகமை	138.88139661	6.49540701	80.10313093
LK-1333	Agalawatta	අගලවත්ත	அகலவத்தை	92.23876025	6.50847548	80.17137352
LK-1336	Palindanuwara	පාලින්දනුවර	பாலிந்தநுவரை	284.11666448	6.50918511	80.26071934
LK-1339	Walallawita	වලල්ලාවිට	வலல்லாவிட்டை	211.6479099	6.39845752	80.19617848
LK-2103	Tumpane	තුම්පනේ	தும்பனை	50.92498334	7.36861583	80.5142004
LK-2106	Poojapitiya	පූජාපිටිය	பூஜாப்பிட்டிய	58.60383011	7.40300805	80.55345378
LK-2109	Akurana	අකුරණ	அக்குரணை	29.90463916	7.39479911	80.61958473
LK-2112	Pathadumbara	පාතදුම්බර	பாத்ததும்பறை	49.00227779	7.34655417	80.65788117
LK-2115	Panvila	පන්විල	பன்விலை	92.62682861	7.41123727	80.75685259
LK-2118	Ududumbara	උඩදුම්බර	உடதும்பறை	277.55166464	7.33320538	80.88203492
LK-2121	Minipe	මිනිපේ	மினிப்பே	249.30749039	7.34337747	80.94908673
LK-2124	Medadumbara	මැදදුම්බර	மெடதும்பறை	188.81048794	7.29395055	80.79645391
LK-2127	Kundasale	කුන්ඩසාලේ	குண்டசாலை	81.19229239	7.30700463	80.71893272
LK-2130	Gangawata Korale	ගඟවටකෝරලේ	கண்டி	59.60712103	7.27391741	80.64451165
LK-2133	Harispattuwa	හාරිස්පත්තුව	கரிஸ்பத்துவை	49.49952708	7.32644246	80.58454104
LK-2134	Hatharaliyadda	හතරලියද්ද	கத்தராலியட்டை	63.98985614	7.33676273	80.46380164
LK-2136	Yatinuwara	යටිනුවර	யட்டிநுவரை	69.11233935	7.28341178	80.5410662
LK-2139	Udunuwara	උඩුනුවර	உடுநுவரை	68.8368363	7.22219997	80.56173093
LK-2142	Doluwa	දොලුව	டொலுவை	93.52352759	7.16780787	80.63227897
LK-2145	Pathahewaheta	පාතහේවාහැට	பாத்ததேவாகிட்டை	83.83907285	7.22709294	80.70590627
LK-2148	Deltota	දෙල්තොට	தெல்தோட்டை	49.49356025	7.17930467	80.7149299
LK-2151	Udapalatha	උඩපළාත	உடபத்தளை	94.11674355	7.14455511	80.62569992
LK-2154	Ganga Ihala Korale	ගඟඉහළකෝරලේ	கங்கா இகலை	96.17380552	7.11528085	80.51019502
LK-2157	Pasbagekorale	පස්බාගේකෝරලේ	பஸ்பாகே கோரளை	121.56858578	7.01719488	80.54554301
LK-2203	Galewela	ගලේවෙල	கலேவளை	196.93914356	7.76917717	80.56433033
LK-2206	Dambulla	දඹුල්ල	தம்புள்ளை	453.33427715	7.87444319	80.71711831
LK-2209	Naula	නාඋල	நாவுலை	287.8895656	7.70091592	80.69505348
LK-2212	Pallepola	පල්ලේපොල	பல்லேபொளை	82.89873738	7.65188213	80.58978177
LK-2215	Yatawatta	යටවත්ත	யட்டவத்தை	67.38984289	7.54385551	80.58131825
LK-2218	Matale	මාතලේ	மாத்தளை	70.76204107	7.54356288	80.62530527
LK-2221	Ambanganga	අඹන්ගඟ	அம்பன்கங்கை கோரளை	55.38224695	7.56276956	80.67787885
LK-2224	Laggala	ලග්ගල	லக்கலை-பல்லேகமை	369.92674108	7.56449135	80.79381898
LK-2227	Wilgamuwa	විල්ගමුව	வில்கமுவை	290.83789709	7.58918865	80.92472678
LK-2230	Rattota	රත්තොට	ரத்தோட்டை	103.91660235	7.48448989	80.68310266
LK-2233	Ukuwela	උකුවෙල	உக்குவெலை	79.47128977	7.43721927	80.61266091
LK-2303	Kothmale East	කොත්මලේ	கொத்மலை	140.00262634	7.03737518	80.6982003
LK-2304	Kothmale West	කොත්මලේ බටහිර	கொத்மலே மேற்கு	86.79217667	7.02879461	80.61200327
LK-2306	Hanguranketa	හගුරන්කේත	ஹங்குரன்கெத்தை	132.87919946	7.17468526	80.79141931
LK-2307	Mathurata	මතුරට	மதுரட்ட	92.83982987	7.08870488	80.78871774
LK-2309	Walapane	වලපනේ	வலபனே	151.64609942	7.08805592	80.83413216
LK-2310	Nildandahinna	නිල්දණ්ඩාහින්න	நீல்தண்டாஹின்ன	171.23557281	7.0886318	80.91397508
LK-2312	Nuwara Eliya	නුවර එළිය	நுவரெலியா	222.06335806	6.89799789	80.77803249
LK-2313	Thalawakele	තලවාකැලේ	தலவாக்கலே	260.52117036	6.88922872	80.70584289
LK-2315	Ambagamuwa Korale	අඹගමුව	அம்பகமுவை	135.58877884	6.951382	80.4742343
LK-2316	Norwood	නෝර්වුඩ්	நோர்வூட்	351.24602399	6.85601359	80.57813313
LK-3103	Bentota	බෙන්තොට	பெந்தோட்டை	70.97016671	6.38856266	80.05804777
LK-3106	Balapitiya	බලපිටිය	பலப்பிட்டி	54.2648956	6.30697469	80.05120186
LK-3109	Karandeniya	කරන්දෙනිය	கரந்தெனிய	88.54985332	6.31138745	80.10000392
LK-3112	Elpitiya	ඇල්පිටිය	எல்பிட்டி	150.63945998	6.2857983	80.16742809
LK-3115	Niyagama	නියාගම	நியாகமை	104.36835168	6.29230619	80.25722154
LK-3118	Thawalama	තවලම	தவலமை	173.69792204	6.30636174	80.3465977
LK-3121	Neluwa	නෙළුව	நெலுவை	152.50644061	6.35458295	80.40812953
LK-3124	Nagoda	නාගොඩ	நாகொடை	173.42558449	6.21024586	80.32641594
LK-3127	Baddegama	බද්දේගම	பத்தேகமை	66.67902076	6.13969786	80.18852589
LK-3128	Wanduramba	වඳුරාඹ	வந்துரம்ப	46.18298412	6.12461589	80.26850421
LK-3130	Welivitiya-Divitura	වැලිවිටිය-දිවිතුර	வெலிவிட்டிய திவித	56.4738579	6.21676849	80.16370753
LK-3133	Ambalangoda	අම්බලන්ගොඩ	அம்பலாங்கொடை	49.21562975	6.2144334	80.11453749
LK-3134	Gonapinuwala	ගෝනපීනුවල	கோனபின்னுவலை	25.39109858	6.16815471	80.13380343
LK-3136	Hikkaduwa	හික්කඩුව	இக்கடுவை	13.04202657	6.12419647	80.12464946
LK-3137	Rathgama	රත්ගම	ரத்கம	26.74322837	6.09853799	80.15518779
LK-3138	Madampagama	මාදම්පාගම	மாதம்பாகம	23.385602	6.1925581	80.07574982
LK-3139	Galle 4 Gravets	කඩවත්සතර	காலி	22.29980813	6.0572861	80.20388381
LK-3142	Bope-Poddala	බෝපෙ-පෝද්දල	போப்பே பொட்டலை	28.61106858	6.08659839	80.20939466
LK-3145	Akmeemana	අක්මීමණ	அக்மீமனை	71.19631949	6.05419873	80.26500279
LK-3148	Yakkalamulla	යක්කලමුල්ල	யக்கலமுல்லை	108.67996228	6.10926752	80.35827434
LK-3151	Imaduwa	ඉමදුව	இமதுவை	58.35501572	6.03245796	80.35742898
LK-3154	Habaraduwa	හබරාදුව	கபராதுவை	48.81028521	6.00125817	80.30742272
LK-3203	Pitabaddara	පිටබැද්දර	பிட்டபத்தறை	136.98695175	6.24715096	80.46904635
LK-3206	Kotapola	කොටපොල	கொட்டப்பொலை	178.98181036	6.31230151	80.52678122
LK-3209	Pasgoda	පස්ගොඩ	பஸ்கொடை	154.01269608	6.27023873	80.61528588
LK-3212	Mulatiyana	මුලටියන	முலட்டியானை	120.4015665	6.14778282	80.59145551
LK-3215	Athuraliya	අතුරලිය	அத்துரலிய	63.05296524	6.1159311	80.50804996
LK-3218	Akuressa	අකුරැස්ස	அக்குரசை	150.0608089	6.13522006	80.43598652
LK-3221	Welipitiya	වැලිපිටිය	வெலிபிட்டிய	69.30420298	6.0173657	80.45280578
LK-3224	Malimbada	මාලිම්බඩ	மாலிம்படை	42.86039358	6.01569441	80.50999431
LK-3227	Kaburupitiya	කඹුරුපිටිය	கம்புறுபிட்டிய	57.8867512	6.0649247	80.55653003
LK-3230	Hakmana	හක්මන	கக்மனை	49.51632998	6.09815555	80.63730345
LK-3233	Kirinda Puhulwella	කිරින්ද පුහුල්වැල	கிரிந்தை புகுவெல்	41.90589595	6.04036685	80.63365978
LK-3236	Thihagoda	තිහගොඩ	திக்கொடை	52.80856454	6.00798036	80.56875718
LK-3239	Weligama	වැලිගම	வெலிகமை	42.69172661	5.96921119	80.40472828
LK-3242	Matara Four Gravets	මාතර කඩවත්සතර	மாத்தறை	56.63214772	5.96401482	80.55481958
LK-3245	Devinuwara	දෙවිනුවර	தெவிநுவரை	38.15727994	5.97255021	80.63274582
LK-3248	Dikwella	දික්වැල්ල	திக்வெலை	51.10992733	5.98507587	80.68184892
LK-3303	Sooriyawewa	සූරියවැව	சூரியவெவை	193.65910291	6.2976526	80.99679592
LK-3306	Lunugamwehera	ලුණුගම්වෙහෙර	லுனுகம்வெகரை	284.91034909	6.30792071	81.15992993
LK-3309	Thissamaharama	තිස්සමහාරාම	திஸ்சமகாராமை	792.11379983	6.38740184	81.46260084
LK-3312	Hambantota	හම්බන්තොට	அம்பாந்தோட்டை	343.78378991	6.22250891	81.11972725
LK-3315	Ambalantota	අම්බලන්තොට	அம்பலாந்தோட்டை	212.80807018	6.16351897	80.9643798
LK-3318	Angunakolapelessa	අඟුණුකොළපැලැස්ස	அங்குனகொலபெலஸ்சை	171.8513888	6.19758606	80.87654821
LK-3321	Weeraketiya	වීරකැටිය	வீரகெட்டிய	114.68086025	6.17202027	80.75116601
LK-3324	Katuwana	කටුවන	கட்டுவனை	105.08813418	6.26106658	80.73421609
LK-3325	Walasmulla	වලස්මුල්ල	வலஸ்முல்லை	108.56424806	6.18769658	80.67374174
LK-3327	Okewela	ඕකේවෙල	ஒக்வெலை	42.13955755	6.14216592	80.66980802
LK-3330	Beliatta	බෙලිඅත්ත	பெலியத்தை	102.69732654	6.05268554	80.71709703
LK-3333	Tangalle	තංගල්ල	தங்காலை	152.76750517	6.05498424	80.81127043
LK-4103	Islands North (Kayts)	දුපත උතුර (කයිට්ස්)	ஊர்காவற்றுறை	32.47095612	9.66986274	79.86978105
LK-4104	Karainagar	කාරෛනගර්	காரைநகர்	23.63776773	9.73539833	79.87636973
LK-4106	Valikamam West (Chankanai)	වලිකාමම් බටහිර (චන	சங்கானை	48.94046761	9.7377427	79.9498556
LK-4109	Valikamam South West (Sandilipay)	වලිකාමම් නිරිත (සං	சண்டிலிப்பாய்	47.65426971	9.74707647	79.98687923
LK-4112	Valikamam North (Thllippalai)	වලිකාමම් උතුර (තෙල	தெல்லிப்பழை	61.68472084	9.78762548	80.04950359
LK-4115	Valikamam South (Uduvil)	වලිකාමම් දකුණ (උඩු	உடுவில்	34.38038269	9.7374778	80.01689123
LK-4118	Valikamam East (Kopay)	වලිකාමම් නැගෙනහිර	கோப்பாய்	108.75445674	9.74189002	80.11236453
LK-4121	Vadamaradchchi South-West (Karaveddy)	වඩමාරච්චි නිරිත (ක	கரவெட்டி	86.459337	9.7727215	80.19035861
LK-4124	Vadamaradchchi East	වඩමාරච්චි නැගෙනහි	மருதங்கேணி	189.15353581	9.61899832	80.39857321
LK-4127	Vadamaradchi North (Point Pedro)	වඩමාරච්චි උතුර (පේ	பருத்தித்துறை	39.20419383	9.80157849	80.24357023
LK-4130	Thenmaradchi (Chavakachcheri)	තේන්මාරච්චි (ජාවකච	சாவகச்சேரி	236.0746	9.67135717	80.1817581
LK-4133	Nallur	නල්ලූර්	நல்லூர்	32.67440611	9.66175458	80.04926358
LK-4136	Jaffna	යාපනය	யாழ்ப்பாணம்	10.97524516	9.67038841	80.01089332
LK-4139	Islands South (Velanai)	දුපත දකුණ (වෙලනයි)	வேலணை	90.73377813	9.62436741	79.96710235
LK-4142	Delft	ඩෙල්ෆ්	நெடுந்தீவு	48.44068945	9.51545028	79.6903826
LK-4203	Mannar Town	මන්නාරම නගර	மன்னார் நகரம்	220.18201554	9.03518671	79.8427453
LK-4206	Manthai West	මාන්තෛ බටහිර	மாந்தை மேற்கு	614.9790401	9.03829965	80.12173137
LK-4209	Madhu	මඩු	மடு	565.00560688	8.80852123	80.15804729
LK-4212	Nanaddan	නානාට්ටාන්	நானாட்டான்	147.39833615	8.86541955	79.97025948
LK-4215	Musali	මූසාලේ	முசலி	463.2642499	8.66562428	79.99806604
LK-4303	Vavuniya North	වවුනියාව උතුර	வவுனியா வடக்கு	686.71917934	8.99712804	80.55721309
LK-4306	Vavuniya South	වවුනියාව දකුණ	வவுனியா தெற்கு	216.25214681	8.76474599	80.57343263
LK-4309	Vavuniya	වවුනියාව	வவுனியா	616.85416269	8.82330428	80.40516152
LK-4312	Vengalacheddikulam	වෙන්ගලචෙඩ්ඩිකුලම	வெங்கலச்செட்டிக்	415.08329306	8.68639253	80.29687369
LK-4403	Thunukkai	තුනුක්කායි	துணுக்காய்	329.19436683	9.20255835	80.26370364
LK-4406	Manthai East	මාන්තේ නැගෙනහිර	மாந்தை கிழக்கு	485.90869577	9.08071601	80.32176495
LK-4409	Puthukkudiyiruppu	පුදුකුඩිඉරිප්පු	புதுக்குடியிருப்	326.53029786	9.31670342	80.66194112
LK-4412	Oddusuddan	ඔඩ්ඩුසුඩාන්	ஒட்டுசுட்டான்	762.53804225	9.18827651	80.54469792
LK-4415	Maritimepattu	මුහුදුබඩපත්තුව	கரைதுறைப்பற்று	612.64251107	9.22164496	80.77253721
LK-4418	Welioya	වැලි ඔය	மனல் ஆரு	164.33442601	8.97761827	80.79634639
LK-4503	Pachchilaipalli	පලෙයි (පච්චිලේපලෙය	பச்சிலைப்பள்ளி	176.02579983	9.59666752	80.3483888
LK-4506	Kandavalai	කණ්ඩාවලෙයි	கண்டாவளை	274.30265575	9.43160807	80.53101075
LK-4509	Karachchi	කරච්චි	கரைச்சி	395.56800955	9.35244806	80.35601717
LK-4512	Poonakary	පුනරීන්	பூநகரி	473.39387597	9.41094794	80.19469849
LK-5103	Koralai Pattu North	කෝරළේ පත්තු උතුර	கோறளைப் பற்று வடக்	515.50242657	8.10142479	81.36153133
LK-5104	Koralai Pattu Central	කෝරලේපත්තු මධ්‍යම	கோரலைபத்து மத்திய	8.03829111	7.93434894	81.5131218
LK-5106	Koralai Pattu West	කෝරළේ පත්තු බටහිර	கோறளைப் பற்று மேற்	22.93556418	7.91807933	81.49137895
LK-5109	Koralai Pattu	කෝරළේ පත්තු	கோறளைப் பற்று	30.69134612	7.90787748	81.54938719
LK-5110	Koralai Pattu South	කෝරළේ පත්තු දකුණ	கோறளைப் பற்று தெற்	598.36384581	7.86276832	81.37727785
LK-5115	Eravur Pattu	එරාවූර් පත්තු	ஏறாவூர்ப் பற்று	599.2204905	7.6782429	81.45732341
LK-5118	Manmunai North	මාන්මුනේ උතුර	மண்முனை வடக்கு	45.70250131	7.73664015	81.67977477
LK-5121	Manmunai West	මාන්මුනේ බටහිර	மண்முனை மேற்கு	280.58471316	7.6341912	81.60687359
LK-5124	Kattankudy	කාත්තන්කුඩි	காத்தான்குடி	3.87567893	7.68389839	81.7310104
LK-5127	Manmunai Pattu	මාන්මුනේ පත්තු	மண்முனைப் பற்று	25.45011927	7.63674066	81.75915877
LK-5130	Manmunai South West	මාන්මුනේ නිරිත	மண்முனை தென் மேற்க	145.13799417	7.57779866	81.69538218
LK-5133	Porativu Pattu	පොරතිවු පත්තු	போரதீவுப்பற்று	159.21407427	7.48154485	81.71171813
LK-5136	Manmunai South & Eruvil Pattu	මාන්මුනේ දකුණ සහ එ	மண்முனை தெற்கும் எ	43.92047841	7.51605257	81.79458326
LK-5139	Eravur Town	එරාවූර් නගර	ஏறாவூர் நகரம்	1.86474696	7.77655919	81.6098746
LK-5203	Dehiattakandiya	දෙහිඅත්තකණ්ඩිය	தெகியத்தகண்டிய	374.17595054	7.62036456	81.09320278
LK-5206	Padiyathalawa	පදියතලාව	பதியத்தலாவை	388.22571584	7.42687043	81.25294683
LK-5209	Mahaoya	මහඔය	மகா ஓயா	680.41056798	7.54835495	81.36715134
LK-5212	Uhana	උහන	உகணை	535.55002888	7.39912949	81.60381518
LK-5215	Ampara	අම්පාර	அம்பாறை	139.51831605	7.27371529	81.59302215
LK-5216	Navithanveli	නවිදන්වැලි	நாவிதன்வெளி	79.81307634	7.42237863	81.75894767
LK-5218	Sammanthurai	සම්මන්තුරේ	சம்மாந்துறை	108.91193104	7.33242479	81.77348022
LK-5221	Kalmunai	කල්මුනේ	கல்முனை	20.91366724	7.42604867	81.81122066
LK-5225	Sainthamaruthu	සයින්දමරුතු	சாய்ந்தமருது	3.35092219	7.39203899	81.83376474
LK-5227	Karaitivu	කරෙයිතිවු	காரைதீவு	10.14560915	7.37430964	81.8339245
LK-5230	Nintavur	නීන්දවුර්	நிந்தவூர்	35.94045485	7.32766399	81.84084587
LK-5233	Addalaichenai	අඩ්ඩාලච්චේන	அட்டாளைச்சேனை	74.4032526	7.26323169	81.81194669
LK-5234	Irakkamam	ඉරක්කාමම්	இறக்காமம்	67.22525801	7.24373752	81.716929
LK-5236	Akkaraipattu	අක්කරපත්තුව	அக்கறைப்பற்று	53.68116922	7.20742088	81.78771085
LK-5239	Alayadivembu	අලයාඩිවෙම්බු	ஆலயடிவேம்பு	69.69214667	7.1748962	81.81603852
LK-5242	Damana	දමන	தமனை	489.5376145	7.12333212	81.61936135
LK-5245	Tirukkovil	තිරුක්කෝවිල්	திருக்கோவில்	218.49836595	7.09621479	81.7843849
LK-5248	Pottuvil	පොතුවිල්	பொத்துவில்	309.36273132	6.94318568	81.79800356
LK-5251	Lahugala	ලාහුගල	லகுகலை	815.29978769	6.74600523	81.71442998
LK-5303	Padavi Sri Pura	පදවි ශ්‍රී පුර	பதவிசிறிபுர	113.32866548	8.90721548	80.86408126
LK-5306	Kuchchaweli	කුච්චවේලි	குச்சவெளி	446.96540137	8.8073254	81.05970313
LK-5309	Gomarankadawala	ගෝමරන්කඩවල	கோமரங்கடவல	307.33406146	8.75386923	80.97092323
LK-5312	Morawewa	මොරවැව	மொரவெவ	278.14221195	8.63858556	81.01399907
LK-5315	Town & Gravets	ත්‍රිකුණාමල	திருகோணமலை	129.81539296	8.58410873	81.17208456
LK-5318	Thambalagamuwa	තඹලගමුව	தம்பலகாமம்	274.19126577	8.50956031	81.03554304
LK-5321	Kantale	කන්තලේ	கந்தளாய்	412.72809419	8.33912362	81.06750054
LK-5324	Kinniya	කින්නියා	கிண்ணியா	151.55307792	8.44075449	81.15839162
LK-5327	Muthur	මුත්තූර්	மூதூர்	194.18521438	8.43008253	81.29209485
LK-5330	Seruvila	සේරුවිල	சேருவிலை	293.32268785	8.27735329	81.24572678
LK-5333	Verugal	වෙරුගල්	வெருகல் - ஈச்சிலம்	90.5401596	8.33185175	81.36874994
LK-6103	Giribawa	ගිරිබාව	கிரிபாவை	205.37053064	8.11046104	80.18801298
LK-6106	Galgamuwa	ගල්ගමුව	கல்கமுவை	273.20188874	8.03075934	80.28716281
LK-6109	Ehetuwewa	ඇහැටුවැව	எகடுவெவை	171.51765027	7.9724881	80.37615874
LK-6112	Ambanpola	අඹන්පොළ	அம்பன்பொலை	140.33289846	7.9115886	80.22165022
LK-6115	Kotawehera	කොටවෙහෙර	கொட்டவெகரை	189.56084163	7.87636777	80.12003451
LK-6118	Rasnayakapura	රස්නායකපුර	இரஸ்நாயக்கபுரம்	124.5649755	7.76386995	80.0330847
LK-6121	Nikaweratiya	නිකවැරටිය	நிக்கவெரட்டி	151.31745846	7.77074362	80.15232827
LK-6124	Maho	මහව	மாகோ	261.39530591	7.7999662	80.28385382
LK-6127	Polpitigama	පොල්පිතිගම	பொல்பித்திகமை	415.63760537	7.82154157	80.42080662
LK-6130	Ibbagamuwa	ඉබ්බාගමුව	இப்பாகமுவை	217.16510956	7.61130548	80.45756769
LK-6133	Ganewatta	ගනේවත්ත	கனேவத்தை	150.26070383	7.66020203	80.38502189
LK-6136	Wariyapola	වාරියපොල	வாரியப்பொலை	201.99210102	7.66056014	80.23116661
LK-6139	Kobeigane	කොබෙයිගනේ	கொபேய்கனை	130.28189622	7.67708306	80.11378248
LK-6142	Bingiriya	බිංගිරිය	பிங்கிறியா	193.61699168	7.61054453	79.95122626
LK-6145	Panduwasnuwara West	පඩුවස්නුවර බටහිර	பண்டவஸ்நுவரை மேற்	180.97093975	7.58477961	80.06845307
LK-6148	Panduwasnuwara East	පඩුවස්නුවර නැගෙනහ	பண்டவஸ்நுவரை கிழக	102.5004653	7.55903169	80.13442344
LK-6149	Bamunakotuwa	බමුණුකොටුව	பமுணுகொடுவை	110.5356756	7.54358196	80.24353294
LK-6151	Maspotha	මාස්පොත	மஸ்பொத்தை	66.35760364	7.57969349	80.31322299
LK-6154	Kurunegala	කුරුණෑගල	குருணாகல்	97.70615256	7.57732828	80.35405534
LK-6157	Mallawapitiya	මල්ලවපිටිය	மல்லவபிட்டி	79.25290833	7.46887253	80.39397641
LK-6160	Mawathagama	මාවතගම	மாவத்தகமை	108.43239008	7.43408194	80.44257643
LK-6163	Rideegama	රිදිගම	ரிதிகமை	225.15307933	7.52426749	80.52445738
LK-6166	Weerabugedara	වීරඹුගෙදර	வெரம்புகெதறை	91.82944429	7.46880066	80.27163057
LK-6169	Kuliyapitiya East	කුලියාපිටිය නැගෙන	குளியாப்பிட்டி கி	113.77908066	7.46484827	80.15355965
LK-6172	Kuliyapitiya West	කුලියාපිටිය බටහිර	குளியாப்பிட்டி மே	165.48899766	7.47745095	80.06000045
LK-6175	Udubaddawa	උඩුබැද්දාව	உடுபத்தாவை	119.90495933	7.4814547	79.94839825
LK-6178	Pannala	පන්නල	பன்னலை	282.22442514	7.35304861	80.03482646
LK-6181	Narammala	නාරම්මල	நாரம்மலை	108.53275634	7.39756704	80.2186926
LK-6184	Alawwa	අලව්ව	அலவை	130.25275021	7.32704161	80.22154961
LK-6187	Polgahawela	පොල්ගහවෙල	பொல்கஹவெலை	96.5694587	7.37894976	80.31171614
LK-6203	Kalpitiya	කල්පිටිය	கற்பிட்டி	162.64731042	8.15606373	79.72230493
LK-6206	Vanathavilluwa	වනාතවිල්ලුව	வானத்தவில்லு	737.44118924	8.32543894	79.90462653
LK-6209	Karuwalagaswewa	කරුවලගස්වැව	கறுவெலகஸ்வெவை	499.75710313	8.12416114	80.01924358
LK-6212	Nawagattegama	නවගත්තේගම	நவகத்தேகமை	171.50358631	8.00810064	80.08558275
LK-6215	Puttalam	පුත්තලම	புத்தளம்	173.96726641	8.02224897	79.87413194
LK-6218	Mundel	මුන්දලම	முந்தல்	246.42603123	7.84623749	79.81598515
LK-6221	Mahakumbukkadawala	මහකුඹුක්කඩවල	மகாகும்புக்கடவலை	185.05048972	7.87279141	79.90157396
LK-6224	Anamaduwa	ආණමඩුව	ஆனமடுவை	248.63397764	7.893527	80.00218028
LK-6227	Pallama	පල්ලම	பள்ளமை	121.20945143	7.7056287	79.93045398
LK-6230	Arachchikattuwa	ආරච්චිකට්ටුව	ஆராச்சிக்கட்டு	158.49764669	7.67513962	79.85108347
LK-6233	Chilaw	හලාවත	சிலாபம்	92.87765804	7.57179555	79.83060355
LK-6236	Madampe	මාදම්පෙ	மாதம்பை	93.03496633	7.52903419	79.86337172
LK-6239	Mahawewa	මහවැව	மகாவெவை	73.15512098	7.46400894	79.85787285
LK-6242	Nattandiya	නාත්තන්ඩිය	நாத்தாண்டி	77.81180761	7.39706065	79.87382293
LK-6245	Wennappuwa	වෙන්නප්පුව	வென்னப்புவை	41.24619998	7.3200629	79.8528531
LK-6248	Dankotuwa	දංකොටුව	தங்கொட்டுவை	76.67813734	7.32225421	79.90714013
LK-7103	Padaviya	පදවිය	பதவியா	247.25589827	8.83876276	80.79860591
LK-7106	Kebithigollewa	කැඹිතිගොල්ලෑව	கெப்பிட்டிக்கொல்	613.67791961	8.71095836	80.68705465
LK-7109	Medawachchiya	මැදවච්චිය	மதவாச்சி	489.19353963	8.59550116	80.50199063
LK-7112	Mahawilachchiya	මහාවිලච්චිය	மகாவிலாச்சி	616.94077141	8.53174975	80.16867698
LK-7115	Nuwaragam Palatha Central	නුවරගම් පළාත මධ්‍ය	நுவரகமை பலாத்தை மத	401.15976275	8.41850664	80.37100532
LK-7118	Rambewa	රඹෑව	இறம்பாவை	306.11026473	8.49103741	80.60449779
LK-7121	Kahatagasdigiliya	කහටගස්දිගිලිය	ககட்டகஸ்திகிலியை	370.25012973	8.44924916	80.70845225
LK-7124	Horowpathana	හොරොව්පොතාන	கொரவப்பொத்தானை	832.94984382	8.51999599	80.83159849
LK-7127	Galenbidunuwewa	ගලෙන්බිදුනුවැව	கலன்பிந்துனுவெவை	292.54444112	8.25878341	80.71403997
LK-7130	Mihinthale	මිහින්තලේ	மிகிந்தலை	229.44446867	8.35166756	80.52990185
LK-7133	Nuwaragam Palatha East	නුවරගම් පළාත නැගෙන	நுவரகமை பலாத்தை கி	92.04250787	8.30928218	80.44750063
LK-7136	Nachchaduwa	නච්චදූව	நாச்சாதுவை	110.03377394	8.242628	80.43877097
LK-7139	Nochchiyagama	නොච්චියාගම	நொச்சியாகமை	838.29265802	8.35149007	80.11824799
LK-7142	Rajanganaya	රාජාංගනය	இராஜாங்கனை	105.84354485	8.18200921	80.17165733
LK-7145	Thambuththegama	තඹුත්තේගම	தம்புத்தேகமை	113.34327314	8.14723013	80.30721709
LK-7148	Thalawa	තලාව	தலாவை	228.74753127	8.18944013	80.38092641
LK-7151	Thirappane	තිරප්පනේ	திறப்பனை	272.36753566	8.20899458	80.5454773
LK-7154	Kekirawa	කැකිරාව	கெக்கிராவை	346.74720974	8.05598038	80.59694239
LK-7157	Palugaswewa	පලුගස්වැව	பலுகஸ்வெவை	205.62134249	8.0931113	80.7154601
LK-7160	Ipalogama	ඉපලෝගම	இபலோகமை	141.66920309	8.07210012	80.5220061
LK-7163	Galnewa	ගල්නෑව	கல்னேவை	138.57759676	8.01757398	80.46591391
LK-7166	Palagala	පළාගල	பலாகலை	225.47400428	7.91134195	80.54629595
LK-7203	Higurakgoda	හිඟුරක්ගොඩ	இங்குராகொடை	705.23396543	8.14253797	80.82526611
LK-7206	Medirigiriya	මැදිරිගිරිය	மெதிரிகிரியை	573.2595376	8.19292178	81.05554241
LK-7209	Lankapura	ලංකාපුර	இலங்காபுரம்	197.46795351	8.0623027	81.0774571
LK-7210	Welikanda	වැලිකන්ද	வெலிக்கந்தை	574.3264696	8.06015359	81.22790081
LK-7212	Dimbulagala	දිඹුලාගල	திம்புலாகலை	585.89542561	7.80993816	81.10450184
LK-7215	Thamankaduwa	තමන්කඩුව	தமன்கடுவை	467.44534806	7.86800022	80.98253203
LK-7218	Elahera	ඇලහැර	எலகெரை	366.08770765	7.8285497	80.85449873
LK-8103	Mahiyanganaya	මහියංගනය	மகியங்கனை	601.87596637	7.41853212	81.08160314
LK-8106	Rideemaliyadda	රිදීමාලියැද්ද	றிதிமாலியத்தை	437.14321178	7.28196766	81.11855731
LK-8109	Meegahakiula	මීගහකිවුල	மீகாககிவுலை	108.81595282	7.14112706	81.08159062
LK-8112	Kandeketiya	කන්දෙකැටිය	கந்தகெட்டிய	150.72349548	7.12079723	80.99912218
LK-8115	Soranathota	සොරණාතොට	சொரணாதோட்டை	80.49645239	7.04402712	81.05506231
LK-8118	Passara	පස්සර	பசறை	134.59395449	6.97684313	81.15426331
LK-8119	Lunugala	ලුණුගල	லுணுகலை	143.00571973	7.03100296	81.19808763
LK-8121	Badulla	බදුල්ල	பதுளை	48.84947618	6.98165369	81.08904987
LK-8124	Hali-Ela	හාලිඇල	ஆலி-எலை	170.04690391	6.95981862	81.02636969
LK-8127	Uvaparanagama	ඌවපරණගම	ஊவா பறணகமை	137.69006145	6.98477945	80.94682954
LK-8130	Welimada	වැලිමඩ	வெலிமடை	193.99696583	6.85288988	80.89111024
LK-8133	Bandarawela	බණ්ඩාරවෙල	பண்டாரவளை	70.89578223	6.83271037	81.02127882
LK-8136	Ella	ඇල්ල	எல்லை	109.611983	6.86075996	81.06220582
LK-8139	Haputale	හපුතලේ	அப்புத்தளை	69.03607216	6.79876969	80.94670865
LK-8142	Haldummulla	හල්දුම්මුල්ල	ஹல்துமுல்லை	415.17392996	6.67772892	81.00174838
LK-8203	Bibile	බිබිල	பிபிலை	466.05497554	7.21001311	81.30300506
LK-8206	Madulla	මඩුල්ල	மதுள்ளை	750.31882197	7.18122578	81.47809851
LK-8209	Medagama	මැදගම	மெதகமை	240.35137241	7.04311997	81.29381917
LK-8212	Siyambalanduwa	සියඹලාණ්ඩුව	சியம்பலான்டுவை	1059.93653994	6.87286006	81.53657501
LK-8215	Monaragala	මොණරාගල	மொனராகலை	290.52151869	6.8436408	81.35025208
LK-8218	Badalkumbura	බඩල්කුඹුර	படல்கும்புரை	237.08595954	6.87286285	81.20665619
LK-8221	Wellawaya	වැල්ලවාය	வெல்லவாய	574.94025081	6.63980021	81.12174786
LK-8224	Buttala	බුත්තල	புத்தலை	709.85858834	6.65655603	81.30866483
LK-8227	Katharagama	කතරගම	கதிர்காமம்	609.07826978	6.49256797	81.36159489
LK-8230	Thanamalwila	තණමල්විල	தனமல்விலை	635.53920752	6.5155514	80.93707018
LK-8233	Sevanagala	සෙවනගල	செவனகலை	184.30338696	6.3652576	80.9378449
LK-9103	Eheliyagoda	ඇහැලියගොඩ	எகலியகொடை	140.97144836	6.84176521	80.23944164
LK-9106	Kuruvita	කුරුවිට	குருவிட்டை	171.01634562	6.78941206	80.34254306
LK-9109	Kiriella	කිරිඇල්ල	கிரியெல்லை	79.42589467	6.75996014	80.26663516
LK-9112	Ratnapura	රත්නපුර	இரத்தினபுரி	327.73366562	6.74233146	80.48442848
LK-9115	Imbulpe	ඉඹුල්පේ	இம்புல்பே	255.01038486	6.71197943	80.73646999
LK-9118	Balangoda	බලංගොඩ	பலாங்கொடை	183.45142558	6.65920355	80.65918439
LK-9119	Kalthota	කල්තොට	கல்தோட்ட	97.63536912	6.60111448	80.84523896
LK-9121	Opanayake	ඕපනායක	ஒபநாயக்கா	79.2879486	6.60677953	80.62024354
LK-9124	Pelmadulla	පැල්මඩුල්ල	பெல்மதுளை	146.67866842	6.63900188	80.4935157
LK-9127	Elapatha	ඇලපාත	எலபாத்தை	85.60674261	6.66197679	80.35610254
LK-9130	Ayagama	අයගම	அயகமை	163.3545074	6.64254371	80.29147661
LK-9133	Kalawana	කලවාන	கலவானை	382.39896618	6.47467264	80.44852475
LK-9136	Nivithigala	නිවිතිගල	நிவித்திகலை	153.45624955	6.55613136	80.45840193
LK-9139	Kahawattha	කහවත්ත	காவத்தை	104.24882655	6.52263257	80.54930514
LK-9142	Godakawela	ගොඩකවෙල	கொடகவளை	152.12108428	6.50919737	80.64146185
LK-9145	Weligepola	වැලිගෙපොල	வெளிகேபொலை	198.0154523	6.54174686	80.72576003
LK-9148	Embilipitiya	ඇඹිලිපිටිය	எம்பிலிபிட்டியா	388.81691967	6.35956501	80.80269569
LK-9151	Kolonna	කොලොන්න	கொலொன்னை	177.84585108	6.38326201	80.68686595
LK-9203	Rambukkana	රඹුක්කන	றம்புக்கணை	127.79289168	7.32190806	80.38889763
LK-9206	Mawanella	මාවනැල්ල	மாவனல்லை	120.09402266	7.2252257	80.49417108
LK-9209	Aranayake	අරණායක	அரநாயக்கா	120.09489847	7.15889595	80.4504211
LK-9212	Kegalle	කෑගල්ල	கேகாலை	106.25369199	7.20140569	80.36443976
LK-9215	Galigamuwa	ගලිගමුව	கலிகமுவை	124.58982267	7.213872	80.31340038
LK-9218	Warakapola	වරකාපොළ	வறக்கப்பொலை	196.98213461	7.20596483	80.23519287
LK-9221	Ruwanwella	රුවන්වැල්ල	ருவான்வெல்லை	140.63789107	7.06704097	80.22252171
LK-9224	Bulathkohipitiya	බුලත්කොහුපිටිය	புலத்கொகுபிட்டிய	125.26606478	7.10710124	80.34737497
LK-9227	Yatiyantota	යටියන්තොට	எட்டியாந்தோட்டை	179.91472293	7.01850162	80.37013956
LK-9230	Dehiowita	දෙහිඕවිට	தெகியோவிட்டை	193.94808697	6.93733814	80.26481838
LK-9233	Deraniyagala	දැරණියගල	தெரனியாகலை	222.15786447	6.91429254	80.3752941
